Agglomerative,ngt,t2d
0,0.4482758620689655,0.5517241379310345
1,0.6666666666666666,0.3333333333333333
2,0.6896551724137931,0.3103448275862069
3,0.0,1.0
4,0.45,0.55
