Spectral,ngt,t2d
0,0.0,1.0
1,0.2391304347826087,0.7608695652173914
2,0.6896551724137931,0.3103448275862069
3,1.0,0.0
4,1.0,0.0
