Spectral,ngt,t2d
0,0.0,0.2413793103448276
1,0.1896551724137931,0.603448275862069
2,0.3448275862068966,0.15517241379310345
3,0.22413793103448276,0.0
4,0.2413793103448276,0.0
