GMM,ngt,t2d
0,0.7241379310344828,0.3448275862068966
1,0.0,0.2413793103448276
2,0.0,0.034482758620689655
3,0.27586206896551724,0.10344827586206896
4,0.0,0.27586206896551724
