KMeans,ngt,t2d
0,0.6774193548387096,0.3225806451612903
1,0.0,1.0
2,0.0,1.0
3,0.7272727272727273,0.2727272727272727
4,0.0,1.0
