method,group,cluster,a_inCl_inGrp,b_inCl_notGrp,c_notCl_inGrp,d_notCl_notGrp,odds_ratio,p,q
Agglomerative,ngt,2,20,9,38,49,2.865497076023392,0.015484014392067752,0.04192737732822394
Agglomerative,t2d,3,14,0,44,58,inf,2.505530360097376e-05,0.0001252765180048688
GMM,ngt,0,42,20,16,38,4.9875,3.878586859360712e-05,0.00015514347437442847
GMM,t2d,4,16,0,42,58,inf,4.6014981957913365e-06,6.135330927721783e-05
KMeans,ngt,0,42,20,16,38,4.9875,3.878586859360712e-05,0.00015514347437442847
KMeans,t2d,4,16,0,42,58,inf,4.6014981957913365e-06,6.135330927721783e-05
Spectral,ngt,4,14,0,44,58,inf,2.505530360097376e-05,0.0001252765180048688
Spectral,t2d,1,35,11,23,47,6.5019762845849804,4.538419853888095e-06,6.135330927721783e-05
